R20251226-0011,DiagnosisRecord,P002,阿伯,1,小靜靜,2025-12-26,輕微發燒
R20251226-0012,PrescriptionRecord,P002,阿伯,1,小靜靜,2025-12-26,撲熱息痛 500mg
R20251226-0013,ExaminationRecord,P002,阿伯,1,小靜靜,2025-12-26,一般檢查報告
R20251226-0014,DiagnosisRecord,P002,阿伯,1,小靜靜,2025-12-26,輕微發燒
R20251226-0015,PrescriptionRecord,P002,阿伯,1,小靜靜,2025-12-26,撲熱息痛 500mg
R20251226-0016,ExaminationRecord,P002,阿伯,1,小靜靜,2025-12-26,一般檢查報告
R20251226-0017,DiagnosisRecord,P003,小華,1,小靜靜,2025-12-26,輕微發燒
R20251226-0018,PrescriptionRecord,P003,小華,1,小靜靜,2025-12-26,撲熱息痛 500mg
R20251226-0019,ExaminationRecord,P003,小華,1,小靜靜,2025-12-26,一般檢查報告
R20251226-0020,DiagnosisRecord,P004,大衛,1,小靜靜,2025-12-26,輕微發燒
R20251226-0021,PrescriptionRecord,P004,大衛,1,小靜靜,2025-12-26,撲熱息痛 500mg
R20251226-0022,ExaminationRecord,P004,大衛,1,小靜靜,2025-12-26,一般檢查報告
R20251226-0023,DiagnosisRecord,P001,小明,1,小靜靜,2025-12-26,輕微發燒
R20251226-0024,PrescriptionRecord,P001,小明,1,小靜靜,2025-12-26,撲熱息痛 500mg
R20251226-0025,ExaminationRecord,P001,小明,1,小靜靜,2025-12-26,一般檢查報告
R20251226-0011,DiagnosisRecord,P002,阿伯,1,小靜靜,2025-12-26,輕微發燒
R20251226-0012,PrescriptionRecord,P002,阿伯,1,小靜靜,2025-12-26,撲熱息痛 500mg
R20251226-0013,ExaminationRecord,P002,阿伯,1,小靜靜,2025-12-26,一般檢查報告
R20251226-0014,DiagnosisRecord,P002,阿伯,1,小靜靜,2025-12-26,輕微發燒
R20251226-0015,PrescriptionRecord,P002,阿伯,1,小靜靜,2025-12-26,撲熱息痛 500mg
R20251226-0016,ExaminationRecord,P002,阿伯,1,小靜靜,2025-12-26,一般檢查報告
R20251226-0017,DiagnosisRecord,P003,小華,1,小靜靜,2025-12-26,輕微發燒
R20251226-0018,PrescriptionRecord,P003,小華,1,小靜靜,2025-12-26,撲熱息痛 500mg
R20251226-0019,ExaminationRecord,P003,小華,1,小靜靜,2025-12-26,一般檢查報告
R20251226-0020,DiagnosisRecord,P004,大衛,1,小靜靜,2025-12-26,輕微發燒
R20251226-0021,PrescriptionRecord,P004,大衛,1,小靜靜,2025-12-26,撲熱息痛 500mg
R20251226-0022,ExaminationRecord,P004,大衛,1,小靜靜,2025-12-26,一般檢查報告
R20251226-0023,DiagnosisRecord,P001,小明,1,小靜靜,2025-12-26,輕微發燒
R20251226-0024,PrescriptionRecord,P001,小明,1,小靜靜,2025-12-26,撲熱息痛 500mg
R20251226-0025,ExaminationRecord,P001,小明,1,小靜靜,2025-12-26,一般檢查報告
